mysql> SELECT *  FROM  `bright_promotion_earnings`;
+----+----------+------------+----------+-------+
| id | promoter | generation | turnover | payed |
+----+----------+------------+----------+-------+
|  1 |        4 |          1 |       10 |     0 | 
|  3 |        4 |          5 |      100 |     0 | 
|  4 |        4 |          3 |    10000 |     1 | 
|  5 |        4 |          3 |      200 |     0 | 
+----+----------+------------+----------+-------+
4 rows in set (0.00 sec)

+---------------------------+------------+------------+--------------+-------------+-----------+-------------+----------+--------+------+------------+---------+
| Table                     | Non_unique | Key_name   | Seq_in_index | Column_name | Collation | Cardinality | Sub_part | Packed | Null | Index_type | Comment |
+---------------------------+------------+------------+--------------+-------------+-----------+-------------+----------+--------+------+------------+---------+
| bright_promotion_earnings |          0 | promoter_2 |            1 | promoter    | A         |           2 |     NULL | NULL   | YES  | BTREE      |         | 
| bright_promotion_earnings |          0 | promoter_2 |            2 | generation  | A         |           4 |     NULL | NULL   |      | BTREE      |         | 
| bright_promotion_earnings |          0 | promoter_2 |            3 | payed       | A         |           4 |     NULL | NULL   |      | BTREE      |         | 
+---------------------------+------------+------------+--------------+-------------+-----------+-------------+----------+--------+------+------------+---------+
3 rows in set (0.00 sec)

+----+----------+------------+----------+-------+
| id | promoter | generation | turnover | payed |
+----+----------+------------+----------+-------+
|  4 |        4 |          3 |    10200 |     1 | 
|  6 |        4 |          5 |      100 |     1 | 
|  7 |        4 |          1 |       10 |     1 | 
+----+----------+------------+----------+-------+
3 rows in set (0.00 sec)

INSERT INTO 
    bright_promotion_earnings
    (
        promoter,
        generation,
        turnover,
        payed
    )
SELECT 
    commission.promoter,
    commission.generation,
    commission.turnover as turnover2,
    '1' as payed
FROM  
    bright_promotion_earnings as commission
WHERE  
    promoter=4
    AND payed=0
ON DUPLICATE KEY UPDATE turnover=turnover+turnover2;

#1052 - Column 'turnover' in field list is ambiguous

