mysql> select count(id) total from applicants;
+-------+
| total |
+-------+
|     0 |
+-------+
1 row in set (0.00 sec)

mysql> select count(id) total from jobs;
+-------+
| total |
+-------+
|     0 |
+-------+
1 row in set (0.00 sec)

mysql> select count(id) total from applicants union select count(id) total from
jobs;
+-------+
| total |
+-------+
|     0 |
+-------+
1 row in set (0.00 sec)

mysql>

