SQL> select *
  2    from t
  3  /

        ID  PARENT_ID
---------- ----------
         1          2
         2          1

2 rows selected.

SQL>  select id
  2        , parent_id
  3        , connect_by_iscycle
  4     from t
  5  connect by nocycle parent_id = prior id
  6    start with id = 1
  7  /

        ID  PARENT_ID CONNECT_BY_ISCYCLE
---------- ---------- ------------------
         1          2                  0
         2          1                  1

2 rows selected.

SQL> with tr (id,parent_id) as
  2  ( select id
  3         , parent_id
  4      from t
  5     where id = 1
  6     union all
  7    select t.id
  8         , t.parent_id
  9      from t
 10           join tr on t.parent_id = tr.id
 11  ) cycle id set is_cycle to '1' default '0'
 12  select id
 13       , parent_id
 14       , is_cycle
 15    from tr
 16  /

        ID  PARENT_ID I
---------- ---------- -
         1          2 0
         2          1 0
         1          2 1

3 rows selected.

create table t
( id        number
, parent_id number
);
insert into t values (1, 2);
insert into t values (2, 1);
commit;
with tr (id,parent_id) as
( select id
       , parent_id
    from t
   where id = 1
   union all
  select t.id
       , t.parent_id
    from t
         join tr on t.parent_id = tr.id
) cycle id set is_cycle to '1' default '0'
select id
     , parent_id
     , is_cycle
  from tr;

