foo
id
name
bar
id
foo_id
foo.name
bar
bar.foo_id
> SELECT * FROM foo;
id     name
------ -------
1      "Andrey"
(1 row)


> SELECT * FROM bar;
(0 rows)

"Andrey"
> SELECT * FROM bar;
id     foo_id
------ -------
1      1
(1 row)

> UPDATE bar SET foo_id=(SELECT id FROM foo WHERE foo.name=?)

