SELECT "Step 1" AS '';
SELECT col1, col2 FROM t1 ORDER BY col3;

1 row in set (0.00 sec)
5 rows in set (0.00 sec)
mysql
--show-warnings --i-am-a-dummy
