---
TestTable:
    columns:
        bitty: bit(1)

$obj1 = new TestTable();
$obj1['bitty'] = b'0';
$obj1->save();

$obj2 = new TestTable();
$obj2['bitty'] = 0;
$obj2->save();

0
bitty
mysql> select * from test_table;
+----+-------+
| id | bitty |
+----+-------+
|  1 |      | 
|  2 |      | 
+----+-------+
2 rows in set (0.00 sec)

mysql> select * from test_table where bitty = 1;
+----+-------+
| id | bitty |
+----+-------+
|  1 |      | 
|  2 |      | 
+---+-------+
2 rows in set (0.00 sec)

mysql> select * from test_table where bitty = 0;                
Empty set (0.00 sec)

0x01
mysql> insert into test_table values (4, b'0');
Query OK, 1 row affected (0.00 sec)

mysql> select * from test_table where bitty = 0;
+----+-------+
| id | bitty |
+----+-------+
|  4 |       | 
+----+-------+
1 row in set (0.00 sec)

